{"cameraMode":{"drawMode":0,"name":"Shaded","section":"Shading Mode"},"sceneLighting":false,"audioPlay":false,"sceneViewState":{"showFog":true,"showMaterialUpdate":false,"showSkybox":false,"showFlares":true,"showImageEffects":true,"showParticleSystems":true},"in2DMode":false,"pivot":{"x":-12.673373222351075,"y":-1.8592290878295899,"z":25.99654769897461},"rotation":{"x":0.1730664074420929,"y":-0.2847162187099457,"z":0.05235708877444267,"w":0.9414143562316895},"size":43.17642593383789,"orthographic":false}